{"cameraMode":{"drawMode":0,"name":"Shaded","section":"Shading Mode"},"sceneLighting":true,"audioPlay":false,"sceneViewState":{"m_AlwaysRefresh":false,"showFog":true,"showSkybox":true,"showFlares":true,"showImageEffects":true,"showParticleSystems":true,"showVisualEffectGraphs":true,"m_FxEnabled":true},"in2DMode":false,"pivot":{"x":7.6799798011779789,"y":21.13579750061035,"z":31.47838592529297},"rotation":{"x":0.024211999028921129,"y":0.9157477021217346,"z":-0.3971550762653351,"w":0.055855344980955127},"size":5.4959635734558109,"orthographic":false}